actual,predicted
230.9018096923828,234.13989429264328
222.4204864501953,233.5505659393002
226.4615936279297,234.6320943668943
224.7528839111328,235.75504086121285
229.61753845214844,235.81518157502947
237.06935119628903,235.7658739048535
242.5732879638672,236.04946430946904
247.85748291015625,236.26659233503273
254.21051025390625,236.2872257162445
255.30929565429688,236.30222400631692
250.1449737548828,236.36949693542175
